姓名,学号,邮箱,志愿1,志愿2,推荐人
陈一,20240101,20240101@smbu.edu.cn,技术部,外联部,王老师
林二,20240102,20240102@smbu.edu.cn,外联部,宣传部,李老师
黄三,20240103,20240103@smbu.edu.cn,宣传部,,张老师
周四,20240104,20240104@smbu.edu.cn,技术部,外联部,
吴五,20240105,20240105@smbu.edu.cn,外联部,宣传部,王老师
郑六,20240106,20240106@smbu.edu.cn,宣传部,技术部,
孙七,20240107,20240107@smbu.edu.cn,技术部,,李老师
朱八,20240108,20240108@smbu.edu.cn,外联部,宣传部,张老师
陈一,20240101,20240101@smbu.edu.cn,技术部,外联部,王老师
何九,2024A09,2024A09@smbu.edu.cn,宣传部,外联部,王老师
高十,20240110,gaoshi@smbu.edu.cn,技术部,外联部,李老师
罗十一,20240111,20240111@qq.com,外联部,宣传部,
梁十二,20240112,20240112@smbu.edu.cn,宣传部,技术部,张老师
谢十三,20240112,20240112@smbu.edu.cn,技术部,外联部,王老师
唐十四,,20240114@smbu.edu.cn,宣传部,外联部,李老师
宋十五,20240115,,外联部,技术部,
韩十六,20240116,20240116@smbu.edu.cn,,,张老师
 冯十七 , 20240117 , 20240117@smbu.edu.cn , 技术部 , 外联部 , 王老师
沈十八,20240118,20240118@smbu.edu.cn,宣传部,外联部,李老师
曾十九,20240119,20240119@smbu.edu.cn,技术部,宣传部,张老师
